no;tanggal;masuk;kontak_erat;keluar;isolasi;discard;;;;;;;
1;30/03/20;8;8;0;8;0;;;;;;;
2;31/03/20;0;8;0;8;0;;;;;;;
3;01/04/20;0;8;0;8;0;;;;;;;
4;02/04/20;1;9;0;9;0;;;;;;;
5;03/04/20;0;9;0;9;0;;;;;;;
6;04/04/20;3;12;0;12;0;;;;;;;
7;05/04/20;2;14;0;14;0;;;;;;;
8;06/04/20;10;24;0;24;0;;;;;;;
9;07/04/20;0;24;0;24;1;;;;;;;
10;08/04/20;0;24;0;24;2;;;;;;;
11;09/04/20;0;24;0;24;3;;;;;;;
12;10/04/20;0;24;0;24;4;;;;;;;
13;11/04/20;0;24;0;24;5;;;;;;;
14;12/04/20;0;24;0;24;6;;;;;;;
15;13/04/20;0;24;0;24;7;;;;;;;
16;14/04/20;0;24;0;24;0;;;;;;;
17;15/04/20;0;24;0;24;0;;;;;;;
18;16/04/20;37;61;0;61;0;;;;;;;
19;17/04/20;18;79;0;79;0;;;;;;;
20;18/04/20;16;95;0;95;0;;;;;;;
21;19/04/20;16;95;0;95;0;;;;;;;
22;20/04/20;2;97;0;97;0;;;;;;;
23;21/04/20;2;97;0;97;0;;;;;;;
24;22/04/20;17;114;0;114;0;;;;;;;
25;23/04/20;12;126;0;126;0;;;;;;;
26;24/04/20;4;130;0;130;0;;;;;;;
27;25/04/20;35;165;0;165;0;;;;;;;
28;26/04/20;4;169;0;169;0;;;;;;;
29;27/04/20;0;169;0;169;0;;;;;;;
30;28/04/20;17;186;0;186;0;;;;;;;
31;29/04/20;0;186;0;186;0;;;;;;;
32;30/04/20;0;186;0;186;0;;;;;;;
33;01/05/20;0;186;0;187;0;;;;;;;
34;02/05/20;11;197;0;197;0;;;;;;;
35;03/05/20;0;197;0;197;0;;;;;;;
36;04/05/20;7;204;0;204;0;;;;;;;
37;05/05/20;17;221;0;221;0;;;;;;;
38;06/05/20;0;221;0;221;0;;;;;;;
39;07/05/20;9;230;0;230;0;;;;;;;
40;08/05/20;0;230;0;230;0;;;;;;;
41;09/05/20;26;230;0;230;0;;;;;;;
42;10/05/20;0;256;0;256;0;;;;;;;
43;11/05/20;0;274;67;207;0;;;;;;;
44;12/05/20;0;256;67;189;0;;;;;;;
45;13/05/20;8;264;34;163;0;;;;;;;
46;14/05/20;0;264;9;154;110;;;;;;;
47;15/05/20;12;276;0;166;110;;;;;;;
48;16/05/20;2;278;9;159;119;;;;;;;
49;17/05/20;0;278;0;159;119;;;;;;;
50;18/05/20;0;278;5;154;124;;;;;;;
51;19/05/20;20;298;22;152;146;;;;;;;
52;20/05/20;41;339;16;177;162;;;;;;;
53;21/05/20;0;339;6;171;168;;;;;;;
54;22/05/20;55;394;2;224;170;;;;;;;
55;23/05/20;76;670;0;500;170;;;;;;;
56;24/05/20;87;757;0;587;170;;;;;;;
57;25/05/20;0;757;25;562;195;;;;;;;
58;26/05/20;0;757;283;279;478;;;;;;;
59;27/05/20;17;774;2;294;480;;;;;;;
60;28/05/20;6;780;5;295;485;;;;;;;
61;29/05/20;1;781;7;289;492;;;;;;;
62;30/05/20;31;812;39;281;531;;;;;;;
63;31/05/20;6;818;0;287;531;;;;;;;
64;01/06/20;0;818;4;283;535;;;;;;;
65;02/06/20;3;821;1;285;536;;;;;;;
66;03/06/20;0;821;0;285;536;;;;;;;
67;04/06/20;18;839;0;303;536;;;;;;;
68;05/06/20;0;839;0;303;536;;;;;;;
69;06/06/20;0;839;5;298;541;;;;;;;
70;07/06/20;0;839;4;294;545;;;;;;;
71;08/06/20;0;839;0;294;545;;;;;;;
72;09/06/20;0;839;12;282;557;;;;;;;
73;10/06/20;0;839;0;282;557;;;;;;;
74;11/06/20;0;839;0;282;557;;;;;;;
75;12/06/20;0;839;2;280;559;;;;;;;
76;13/06/20;0;839;0;280;559;;;;;;;
77;14/06/20;0;839;6;274;565;;;;;;;
78;15/06/20;0;839;0;274;565;;;;;;;
79;16/06/20;0;839;0;274;565;;;;;;;
80;17/06/20;10;849;0;284;565;;;;;;;
81;18/06/20;20;869;0;304;565;;;;;;;
82;19/06/20;0;869;0;304;565;;;;;;;
83;20/06/20;0;869;0;304;565;;;;;;;
84;21/06/20;18;887;0;322;565;;;;;;;
85;22/06/20;19;906;0;341;565;;;;;;;
86;23/06/20;5;911;0;346;565;;;;;;;
87;24/06/20;7;918;0;353;565;;;;;;;
88;25/06/20;0;918;0;353;565;;;;;;;
89;26/06/20;8;926;0;361;565;;;;;;;
90;27/06/20;0;926;21;340;586;;;;;;;
91;28/06/20;9;935;0;349;586;;;;;;;
92;29/06/20;0;935;0;349;586;;;;;;;
93;30/06/20;6;941;0;355;586;;;;;;;
94;01/07/20;18;959;0;373;586;;;;;;;
95;02/07/20;14;973;0;387;586;;;;;;;
96;03/07/20;9;982;0;396;586;;;;;;;
97;04/07/20;6;988;18;384;604;;;;;;;
98;05/07/20;0;988;0;384;604;;;;;;;
99;06/07/20;10;998;0;394;604;;;;;;;
100;07/07/20;19;1017;0;413;604;;;;;;;
101;08/07/20;0;1017;9;404;613;;;;;;;
102;09/07/20;0;1017;7;397;620;;;;;;;
103;10/07/20;0;1017;8;389;628;;;;;;;
104;11/07/20;0;1017;9;380;637;;;;;;;
105;12/07/20;0;1017;6;374;643;;;;;;;
106;13/07/20;0;1017;0;374;643;;;;;;;
107;14/07/20;0;1017;4;370;647;;;;;;;
108;15/07/20;0;1017;0;370;647;;;;;;;
109;16/07/20;0;1017;42;328;689;;;;;;;
110;17/07/20;0;1017;0;328;689;;;;;;;
111;18/07/20;0;1017;12;316;701;;;;;;;
112;19/07/20;0;1017;0;316;701;;;;;;;
113;20/07/20;0;1017;7;309;708;;;;;;;
114;21/07/20;0;1017;6;303;714;;;;;;;
115;22/07/20;0;1017;11;292;725;;;;;;;
116;23/07/20;0;1017;6;286;731;;;;;;;
117;24/07/20;0;1017;9;277;740;;;;;;;
118;25/07/20;0;1017;9;268;749;;;;;;;
119;26/07/20;0;1017;0;268;749;;;;;;;
120;27/07/20;0;1017;4;264;753;;;;;;;
121;28/07/20;0;1017;14;250;767;;;;;;;
122;29/07/20;0;1017;11;239;778;;;;;;;
123;30/07/20;0;1017;9;230;787;;;;;;;
124;31/07/20;0;1017;7;223;794;;;;;;;
125;01/08/20;0;1017;0;223;794;;;;;;;
126;02/08/20;0;1017;5;218;799;;;;;;;
127;03/08/20;0;1017;5;213;804;;;;;;;
128;04/08/20;0;1017;0;213;804;;;;;;;
129;05/08/20;0;1017;7;206;811;;;;;;;
130;06/08/20;0;1017;9;197;820;;;;;;;
131;07/08/20;0;1017;0;197;820;;;;;;;
132;08/08/20;0;1017;4;193;824;;;;;;;
133;09/08/20;0;1017;0;193;824;;;;;;;
134;10/08/20;0;1017;3;190;827;;;;;;;
135;11/08/20;0;1017;9;181;836;;;;;;;
136;12/08/20;0;1017;0;181;836;;;;;;;
137;13/08/20;0;1017;0;181;836;;;;;;;
138;14/08/20;0;1017;4;177;840;;;;;;;
139;15/08/20;0;1017;7;170;847;;;;;;;
140;16/08/20;0;1017;0;170;847;;;;;;;
141;17/08/20;0;1017;6;164;853;;;;;;;
142;18/08/20;0;1017;0;164;853;;;;;;;
143;19/08/20;0;1017;4;160;857;;;;;;;
144;20/08/20;0;1017;0;160;857;;;;;;;
145;21/08/20;0;1017;3;157;860;;;;;;;
146;22/08/20;0;1017;1;156;861;;;;;;;
147;23/08/20;0;1017;3;153;864;;;;;;;
148;24/08/20;0;1017;0;153;864;;;;;;;
149;25/08/20;0;1017;3;150;867;;;;;;;
150;26/08/20;116;1133;33;233;900;;;;;;;
151;27/08/20;106;1239;59;280;959;;;;;;;
152;28/08/20;114;1353;50;344;1009;;;;;;;
153;29/08/20;149;1502;124;369;1133;;;;;;;
154;30/08/20;149;1651;123;395;1256;;;;;;;
155;31/08/20;190;1841;354;231;1610;;;;;;;
156;01/09/20;235;2076;135;331;1745;;;;;;;
157;02/09/20;178;2254;147;362;1892;;;;;;;
158;03/09/20;141;2395;184;319;2076;;;;;;;
159;04/09/20;367;2762;257;429;2333;;;;;;;
160;05/09/20;195;2957;289;335;2622;;;;;;;
161;06/09/20;194;3151;128;401;2750;;;;;;;
162;07/09/20;78;3229;250;229;3000;;;;;;;
163;08/09/20;232;3461;151;310;3151;;;;;;;
164;09/09/20;150;3611;99;361;3250;;;;;;;
165;10/09/20;150;3761;129;382;3379;;;;;;;
166;11/09/20;126;3887;232;276;3611;;;;;;;
167;12/09/20;97;3984;150;223;3761;;;;;;;
168;13/09/20;86;4070;82;227;3843;;;;;;;
169;14/09/20;85;4155;134;178;3977;;;;;;;
170;15/09/20;305;4460;93;390;4070;;;;;;;
171;16/09/20;71;4531;203;258;4273;;;;;;;
172;17/09/20;257;4788;247;268;4520;;;;;;;
173;18/09/20;150;4938;180;238;4700;;;;;;;
174;19/09/20;247;5185;202;283;4902;;;;;;;
175;20/09/20;112;5297;194;201;5096;;;;;;;
176;21/09/20;115;5412;195;121;5291;;;;;;;
177;22/09/20;421;5833;121;421;5412;;;;;;;
178;23/09/20;245;6078;138;528;5550;;;;;;;
179;24/09/20;168;6246;27;669;5577;;;;;;;
180;25/09/20;259;6505;138;790;5715;;;;;;;
181;26/09/20;305;6810;363;732;6078;;;;;;;
182;27/09/20;92;6902;168;656;6246;;;;;;;
183;28/09/20;23;6925;0;679;6246;;;;;;;
184;29/09/20;82;7007;163;598;6409;;;;;;;
185;30/09/20;270;7277;96;772;6505;;;;;;;
186;01/10/20;62;7339;106;728;6611;;;;;;;
187;02/10/20;106;7445;64;770;6675;;;;;;;
188;03/10/20;39;7484;135;674;6810;;;;;;;
189;04/10/20;0;7484;17;657;6827;;;;;;;
190;05/10/20;101;7585;75;683;6902;;;;;;;
191;06/10/20;27;7612;211;499;7113;;;;;;;
192;07/10/20;25;7637;105;419;7218;;;;;;;
193;08/10/20;23;7660;111;331;7329;;;;;;;
194;09/10/20;17;7677;28;320;7357;;;;;;;
195;10/10/20;43;7720;103;260;7460;;;;;;;
196;11/10/20;60;7780;3;317;7463;;;;;;;
197;12/10/20;104;7884;62;359;7525;;;;;;;
198;13/10/20;41;7925;82;318;7607;;;;;;;
199;14/10/20;25;7950;70;273;7677;;;;;;;
200;15/10/20;36;7986;162;147;7839;;;;;;;
201;16/10/20;17;8003;106;58;7945;;;;;;;
202;17/10/20;138;8141;39;157;7984;;;;;;;
203;18/10/20;23;8164;0;180;7984;;;;;;;
204;19/10/20;70;8234;101;149;8085;;;;;;;
205;20/10/20;68;8302;27;190;8112;;;;;;;
206;21/10/20;88;8390;25;253;8137;;;;;;;
207;22/10/20;54;8444;23;284;8160;;;;;;;
208;23/10/20;41;8485;17;308;8177;;;;;;;
209;24/10/20;21;8506;65;264;8242;;;;;;;
210;25/10/20;12;8518;56;220;8298;;;;;;;
211;26/10/20;150;8668;103;267;8401;;;;;;;
212;27/10/20;84;8752;24;327;8425;;;;;;;
213;28/10/20;30;8782;26;331;8451;;;;;;;
214;29/10/20;51;8833;67;315;8518;;;;;;;
215;30/10/20;85;8918;347;53;8865;;;;;;;
216;31/10/20;172;9090;98;127;8963;;;;;;;
217;01/11/20;38;9128;8;157;8971;;;;;;;
218;02/11/20;40;9168;78;119;9049;;;;;;;
219;03/11/20;97;9265;169;47;9218;;;;;;;
220;04/11/20;189;9454;80;156;9298;;;;;;;
221;05/11/20;14;9468;54;116;9352;;;;;;;
222;06/11/20;133;9601;37;212;9389;;;;;;;
223;07/11/20;53;9654;29;236;9418;;;;;;;
224;08/11/20;0;9654;1;235;9419;;;;;;;
225;09/11/20;29;9683;191;73;9610;;;;;;;
226;10/11/20;81;9764;46;108;9656;;;;;;;
227;11/11/20;86;9850;26;168;9682;;;;;;;
228;12/11/20;34;9884;129;73;9811;;;;;;;
229;13/11/20;7;9891;80;0;9891;;;;;;;
230;14/11/20;55;9946;50;5;9941;;;;;;;
231;15/11/20;21;9967;20;6;9961;;;;;;;
232;16/11/20;131;10098;108;29;10069;;;;;;;
233;17/11/20;52;10150;50;31;10119;;;;;;;
234;18/11/20;101;10251;92;40;10211;;;;;;;
235;19/11/20;161;10412;61;140;10272;;;;;;;
236;20/11/20;325;10737;82;383;10354;;;;;;;
237;21/11/20;192;10929;51;524;10405;;;;;;;
238;22/11/20;74;11003;2;596;10407;;;;;;;
239;23/11/20;231;11234;28;799;10435;;;;;;;
240;24/11/20;29;11263;143;685;10578;;;;;;;
241;25/11/20;187;11450;30;842;10608;;;;;;;
242;26/11/20;116;11566;28;930;10636;;;;;;;
243;27/11/20;88;11654;14;1004;10650;;;;;;;
244;28/11/20;245;11899;68;1181;10718;;;;;;;
245;29/11/20;31;11930;0;1212;10718;;;;;;;
246;30/11/20;168;12098;146;1234;10864;;;;;;;
247;01/12/20;229;12327;47;1416;10911;;;;;;;
248;02/12/20;248;12575;124;1540;11035;;;;;;;
249;03/12/20;292;12867;200;1632;11235;;;;;;;
250;04/12/20;279;13146;263;1648;11498;;;;;;;
251;05/12/20;336;13482;206;1778;11704;;;;;;;
252;06/12/20;63;13545;191;1650;11895;;;;;;;
253;07/12/20;95;13640;247;1498;12142;;;;;;;
254;08/12/20;62;13702;432;1128;12574;;;;;;;
255;09/12/20;21;13723;127;1022;12701;;;;;;;
256;10/12/20;119;13842;121;1020;12822;;;;;;;
257;11/12/20;159;14001;213;966;13035;;;;;;;
258;12/12/20;65;14066;146;885;13181;;;;;;;
259;13/12/20;16;14082;49;852;13230;;;;;;;
260;14/12/20;117;14199;147;822;13377;;;;;;;
261;15/12/20;262;14461;292;792;13669;;;;;;;
262;16/12/20;226;14687;261;757;13930;;;;;;;
263;17/12/20;150;14837;235;672;14165;;;;;;;
264;18/12/20;263;15100;285;650;14450;;;;;;;
265;19/12/20;104;15204;296;458;14746;;;;;;;
266;20/12/20;69;15273;66;461;14812;;;;;;;
267;21/12/20;134;15407;87;508;14899;;;;;;;
268;22/12/20;211;15618;61;658;14960;;;;;;;
269;23/12/20;173;15791;18;813;14978;;;;;;;
270;24/12/20;49;15840;142;720;15120;;;;;;;
271;25/12/20;60;15900;137;643;15257;;;;;;;
272;26/12/20;115;16015;76;682;15333;;;;;;;
273;27/12/20;45;16060;23;704;15356;;;;;;;
274;28/12/20;133;16193;130;707;15486;;;;;;;
275;29/12/20;85;16278;331;461;15817;;;;;;;
276;30/12/20;66;16344;133;394;15950;;;;;;;
277;31/12/20;88;16432;226;256;16176;;;;;;;
278;01/01/21;94;16526;199;151;16375;;;;;;;
279;02/01/21;212;16738;113;250;16488;;;;;;;
280;03/01/21;50;16788;60;240;16548;;;;;;;
281;04/01/21;181;16969;118;303;16666;;;;;;;
282;05/01/21;163;17132;226;240;16892;;;;;;;
283;06/01/21;201;17333;166;275;17058;;;;;;;
284;07/01/21;125;17458;79;321;17137;;;;;;;
285;08/01/21;134;17592;15;440;17152;;;;;;;
286;09/01/21;169;17761;130;479;17282;;;;;;;
287;10/01/21;80;17841;32;527;17314;;;;;;;
288;11/01/21;162;18003;173;516;17487;;;;;;;
289;12/01/21;164;18167;89;591;17576;;;;;;;
290;13/01/21;93;18260;393;291;17969;;;;;;;
291;14/01/21;223;18483;176;338;18145;;;;;;;
292;15/01/21;304;18787;96;546;18241;;;;;;;
293;16/01/21;205;18992;170;581;18411;;;;;;;
294;17/01/21;45;19037;120;506;18531;;;;;;;
295;18/01/21;196;19233;128;574;18659;;;;;;;
296;19/01/21;302;19535;217;659;18876;;;;;;;
297;20/01/21;300;19835;137;822;19013;;;;;;;
298;21/01/21;94;19929;121;795;19134;;;;;;;
299;22/01/21;214;20143;197;812;19331;;;;;;;
300;23/01/21;84;20227;135;761;19466;;;;;;;
301;24/01/21;11;20238;39;733;19505;;;;;;;
302;25/01/21;95;20333;241;587;19746;;;;;;;
303;26/01/21;230;20563;79;738;19825;;;;;;;
304;27/01/21;316;20879;114;940;19939;;;;;;;
305;28/01/21;357;21236;66;1231;20005;;;;;;;
306;29/01/21;144;21380;98;1277;20103;;;;;;;
307;30/01/21;210;21590;180;1307;20283;;;;;;;
308;31/01/21;28;21618;38;1297;20321;;;;;;;
309;01/02/21;373;21991;305;1365;20626;;;;;;;
310;02/02/21;230;22221;56;1539;20682;;;;;;;
311;03/02/21;269;22490;87;1721;20769;;;;;;;
312;04/02/21;280;22770;52;1949;20821;;;;;;;
313;05/02/21;244;23014;192;2001;21013;;;;;;;
314;06/02/21;234;23248;76;2159;21089;;;;;;;
315;07/02/21;63;23311;11;2211;21100;;;;;;;
316;08/02/21;170;23481;170;2211;21270;;;;;;;
317;09/02/21;134;23615;35;2310;21305;;;;;;;
318;10/02/21;204;23819;305;2209;21610;;;;;;;
319;11/02/21;156;23975;307;2058;21917;;;;;;;
320;12/02/21;117;24092;189;1986;22106;;;;;;;
321;13/02/21;210;24302;142;2054;22248;;;;;;;
322;14/02/21;48;24350;21;2081;22269;;;;;;;
323;15/02/21;130;24480;472;1739;22741;;;;;;;
324;16/02/21;357;24837;241;1855;22982;;;;;;;
325;17/02/21;358;25195;215;1998;23197;;;;;;;
326;18/02/21;197;25392;331;1864;23528;;;;;;;
327;19/02/21;176;25568;207;1833;23735;;;;;;;
328;20/02/21;174;25742;184;1823;23919;;;;;;;
329;21/02/21;96;25838;60;1859;23979;;;;;;;
330;22/02/21;332;26170;188;2003;24167;;;;;;;
331;23/02/21;353;26523;134;2222;24301;;;;;;;
332;24/02/21;430;26953;180;2472;24481;;;;;;;
333;25/02/21;456;27409;228;2700;24709;;;;;;;
334;26/02/21;168;27577;82;2786;24791;;;;;;;
335;27/02/21;233;27810;189;2830;24980;;;;;;;
336;28/02/21;10;27820;54;2786;25034;;;;;;;
337;01/03/21;71;27891;144;2713;25178;;;;;;;
338;02/03/21;117;28008;418;2412;25596;;;;;;;
339;03/03/21;133;28141;308;2237;25904;;;;;;;
340;04/03/21;253;28394;186;2304;26090;;;;;;;
341;05/03/21;392;28786;156;2540;26246;;;;;;;
342;06/03/21;71;28857;287;2324;26533;;;;;;;
343;07/03/21;32;28889;449;1907;26982;;;;;;;
344;08/03/21;730;29619;315;2322;27297;;;;;;;
345;09/03/21;123;29742;55;2390;27352;;;;;;;
346;10/03/21;213;29955;286;2317;27638;;;;;;;
347;11/03/21;156;30111;384;2089;28022;;;;;;;
348;12/03/21;240;30351;155;2174;28177;;;;;;;
349;13/03/21;119;30470;244;2049;28421;;;;;;;
350;14/03/21;0;30470;8;2041;28429;;;;;;;
351;15/03/21;220;30690;79;2182;28508;;;;;;;
352;16/03/21;163;30853;130;2215;28638;;;;;;;
353;17/03/21;134;30987;195;2154;28833;;;;;;;
354;18/03/21;311;31298;351;2114;29184;;;;;;;
355;19/03/21;163;31461;387;1890;29571;;;;;;;
356;20/03/21;313;31774;487;1716;30058;;;;;;;
357;21/03/21;0;31774;160;1556;30218;;;;;;;
358;22/03/21;81;31855;660;977;30878;;;;;;;
359;23/03/21;165;32020;122;1020;31000;;;;;;;
360;24/03/21;128;32148;158;990;31158;;;;;;;
361;25/03/21;250;32398;217;1023;31375;;;;;;;
362;26/03/21;117;32515;224;916;31599;;;;;;;
363;27/03/21;96;32611;71;941;31670;;;;;;;
364;28/03/21;3;32614;29;915;31699;;;;;;;
365;29/03/21;89;32703;209;795;31908;;;;;;;
366;30/03/21;134;32837;211;718;32119;;;;;;;
367;31/03/21;176;33013;95;799;32214;;;;;;;
368;01/04/21;25;33038;354;470;32568;;;;;;;
369;02/04/21;6;33044;162;314;32730;;;;;;;
370;03/04/21;31;33075;244;101;32974;;;;;;;
371;04/04/21;20;33095;53;68;33027;;;;;;;
372;05/04/21;89;33184;0;157;33027;;;;;;;
373;06/04/21;92;33276;97;152;33124;;;;;;;
374;07/04/21;248;33524;151;249;33275;;;;;;;
375;08/04/21;37;33561;245;41;33520;;;;;;;
376;09/04/21;50;33611;6;85;33526;;;;;;;
377;10/04/21;84;33695;95;74;33621;;;;;;;
378;11/04/21;35;33730;26;83;33647;;;;;;;
379;12/04/21;96;33826;108;71;33755;;;;;;;
380;13/04/21;77;33903;131;17;33886;;;;;;;
381;14/04/21;84;33987;40;61;33926;;;;;;;
382;15/04/21;96;34083;28;129;33954;;;;;;;
383;16/04/21;83;34166;0;212;33954;;;;;;;
384;17/04/21;99;34265;48;263;34002;;;;;;;
385;18/04/21;20;34285;3;280;34005;;;;;;;
386;19/04/21;95;34380;91;284;34096;;;;;;;
387;20/04/21;245;34625;108;421;34204;;;;;;;
388;21/04/21;129;34754;249;301;34453;;;;;;;
389;22/04/21;178;34932;63;416;34516;;;;;;;
390;23/04/21;74;35006;5;485;34521;;;;;;;
391;24/04/21;10;35016;89;406;34610;;;;;;;
392;25/04/21;54;35070;39;421;34649;;;;;;;
393;26/04/21;76;35146;103;394;34752;;;;;;;
394;27/04/21;40;35186;86;348;34838;;;;;;;
395;28/04/21;0;35186;59;289;34897;;;;;;;
396;29/04/21;41;35227;96;234;34993;;;;;;;
397;30/04/21;57;35284;92;199;35085;;;;;;;
398;01/05/21;85;35369;110;174;35195;;;;;;;
399;02/05/21;3;35372;90;87;35285;;;;;;;
400;03/05/21;19;35391;49;57;35334;;;;;;;
401;04/05/21;12;35403;36;33;35370;;;;;;;
402;05/05/21;54;35457;6;81;35376;;;;;;;
403;06/05/21;71;35528;75;77;35451;;;;;;;
404;07/05/21;46;35574;89;34;35540;;;;;;;
405;08/05/21;50;35624;18;66;35558;;;;;;;
406;09/05/21;96;35720;40;122;35598;;;;;;;
407;10/05/21;74;35794;97;99;35695;;;;;;;
408;11/05/21;115;35909;2;212;35697;;;;;;;
409;12/05/21;84;35993;102;194;35799;;;;;;;
410;13/05/21;0;35993;50;144;35849;;;;;;;
411;14/05/21;49;36042;129;64;35978;;;;;;;
412;15/05/21;130;36172;3;191;35981;;;;;;;
413;16/05/21;24;36196;1;214;35982;;;;;;;
414;17/05/21;97;36293;119;192;36101;;;;;;;
415;18/05/21;153;36446;219;126;36320;;;;;;;
416;19/05/21;60;36506;65;121;36385;;;;;;;
417;20/05/21;70;36576;62;129;36447;;;;;;;
418;21/05/21;99;36675;41;187;36488;;;;;;;
419;22/05/21;81;36756;106;162;36594;;;;;;;
420;23/05/21;141;36897;157;146;36751;;;;;;;
421;24/05/21;204;37101;83;267;36834;;;;;;;
422;25/05/21;31;37132;114;184;36948;;;;;;;
423;26/05/21;118;37250;180;122;37128;;;;;;;
424;27/05/21;231;37481;22;331;37150;;;;;;;
425;28/05/21;122;37603;230;223;37380;;;;;;;
426;29/05/21;10;37613;126;107;37506;;;;;;;
427;30/05/21;22;37635;15;114;37521;;;;;;;
428;31/05/21;153;37788;125;142;37646;;;;;;;
429;01/06/21;128;37916;169;101;37815;;;;;;;
430;02/06/21;221;38137;211;111;38026;;;;;;;
431;03/06/21;99;38236;135;75;38161;;;;;;;
432;04/06/21;76;38312;35;116;38196;;;;;;;
433;05/06/21;56;38368;135;37;38331;;;;;;;
434;06/06/21;193;38561;152;78;38483;;;;;;;
435;07/06/21;131;38692;200;9;38683;;;;;;;
436;08/06/21;174;38866;150;33;38833;;;;;;;
437;09/06/21;489;39355;149;373;38982;;;; ;;;
438;10/06/21;253;39608;158;468;39140;;;;;;;
439;11/06/21;352;39960;252;568;39392;;;;;998;;
440;12/06/21;54;40014;150;472;39542;;;;;;;
441;13/06/21;114;40128;57;529;39599;;;;;;;
442;14/06/21;257;40385;200;586;39799;;;;;;;
443;15/06/21;388;40773;77;897;39876;;;;;;;
444;16/06/21;492;41265;552;837;40428;;;;;;;
445;17/06/21;310;41575;471;676;40899;;;;;;;
446;18/06/21;226;41801;421;481;41320;;;;;;;
447;19/06/21;186;41987;394;273;41714;;;;;;;
448;20/06/21;218;42205;103;388;41817;;;;;;;
449;21/06/21;264;42469;177;475;41994;;;;;;;
450;22/06/21;177;42646;307;345;42301;;;;;;;
451;23/06/21;380;43026;360;365;42661;;;;;;;
452;24/06/21;477;43503;407;435;43068;;;;;;;
453;25/06/21;74;43577;113;396;43181;;;;;;;
454;26/06/21;316;43893;587;125;43768;;;;;;;
455;27/06/21;167;44060;167;125;43935;;;;;;;
456;28/06/21;434;44494;287;272;44222;;;;;;;
457;29/06/21;342;44836;447;167;44669;;;;;;;
458;30/06/21;440;45276;358;249;45027;;;;;;;
459;01/07/21;302;45578;352;199;45379;;;;;;;
460;02/07/21;78;45656;104;173;45483;;;;;;;
461;03/07/21;183;45839;287;69;45770;;;;;;;
462;04/07/21;155;45994;143;81;45913;;;;;;;
463;05/07/21;415;46409;292;204;46205;;;;;;;
464;06/07/21;281;46690;221;264;46426;;;;;;;
465;07/07/21;166;46856;410;20;46836;;;;;;;
466;08/07/21;216;47072;79;157;46915;;;;;;;
467;09/07/21;217;47289;183;191;47098;;;;;;;
468;10/07/21;297;47586;35;453;47133;;;;;;;
469;11/07/21;326;47912;210;569;47343;;;;;;;
470;12/07/21;745;48657;82;1232;47425;;;;;;;
471;13/07/21;261;48918;94;1399;47519;;;;;;;
472;14/07/21;587;49505;205;1781;47724;;;;;;;
473;15/07/21;99;49604;158;1722;47882;;;;;;;
474;16/07/21;350;49954;1112;960;48994;;;;;;;
475;17/07/21;242;50196;220;982;49214;;;;;;;
476;18/07/21;104;50300;181;905;49395;;;;;;;
477;19/07/21;804;51104;639;1070;50034;;;;;;;
478;20/07/21;30;51134;193;907;50227;;;;;;;
479;21/07/21;31;51165;207;731;50434;;;;;;;
480;22/07/21;77;51242;265;543;50699;;;;;;;
481;23/07/21;540;51782;126;957;50825;;;;;;;
482;24/07/21;135;51917;24;1068;50849;;;;;;;
483;25/07/21;523;52440;95;1496;50944;;;;;;;
484;26/07/21;65;52505;96;1465;51040;;;;;;;
485;27/07/21;267;52772;46;1686;51086;;;;;;;
486;28/07/21;62;52834;157;1591;51243;;;;;;;
487;29/07/21;193;53027;39;1745;51282;;;;;;;
488;30/07/21;128;53155;299;1574;51581;;;;;;;
489;31/07/21;138;53293;130;1582;51711;;;;;;;
490;01/08/21;504;53797;250;1836;51961;;;;;;;
491;02/08/21;521;54318;65;2292;52026;;;;;;;
492;03/08/21;36;54354;278;2050;52304;;;;;;;
493;04/08/21;365;54719;175;2240;52479;;;;;;;
494;05/08/21;566;55285;11;2795;52490;;;;;;;
495;06/08/21;119;55404;640;2274;53130;;;;;;;
496;07/08/21;257;55661;34;2497;53164;;;;;;;
497;08/08/21;15;55676;18;2494;53182;;;;;;;
498;09/08/21;130;55806;311;2313;53493;;;;;;;
499;10/08/21;130;55936;610;1833;54103;;;;;;;
500;11/08/21;299;56235;106;2026;54209;;;;;;;
501;12/08/21;200;56435;29;2197;54238;;;;;;;
502;13/08/21;173;56608;193;2177;54431;;;;;;;
503;14/08/21;213;56821;209;2181;54640;;;;;;;
504;15/08/21;222;57043;278;2125;54918;;;;;;;
505;16/08/21;252;57295;19;2358;54937;;;;;;;
506;17/08/21;128;57423;120;2366;55057;;;;;;;
507;18/08/21;769;58192;314;2821;55371;;;;;;;
508;19/08/21;291;58483;46;3066;55417;;;;;;;
509;20/08/21;712;59195;643;3135;56060;;;;;;;
510;21/08/21;134;59329;68;3201;56128;;;;;;;
511;22/08/21;487;59816;48;3640;56176;;;;;;;
512;23/08/21;265;60081;96;3809;56272;;;;;;;
513;24/08/21;335;60416;307;3837;56579;;;;;;;
514;25/08/21;400;60816;122;4115;56701;;;;;;;
515;26/08/21;90;60906;200;4005;56901;;;;;;;
516;27/08/21;987;61893;173;4819;57074;;;;;;;
517;28/08/21;381;62274;287;4913;57361;;;;;;;
518;29/08/21;136;62410;148;4901;57509;;;;;;;
519;30/08/21;320;62730;252;4969;57761;;;;;;;
520;31/08/21;361;63091;381;4949;58142;;;;;;;
521;01/09/21;534;63625;533;4950;58675;;;;;;;
522;02/09/21;232;63857;694;4488;59369;;;;;;;
523;03/09/21;335;64192;502;4321;59871;;;;;;;
524;04/09/21;325;64517;695;3951;60566;;;;;;;
525;05/09/21;54;64571;831;3174;61397;;;;;;;
526;06/09/21;449;65020;1845;1778;63242;;;;;;;
527;07/09/21;231;65251;326;1683;63568;;;;;;;
528;08/09/21;179;65466;184;1678;63788;;;;;;;
529;09/09/21;76;65558;274;1480;64078;;;;;;;
530;10/09/21;68;65654;116;1432;64222;;;;;;;
531;11/09/21;38;65691;237;1233;64458;;;;;;;
532;12/09/21;44;65861;52;1225;64636;;;;;;;
533;13/09/21;15;65633;244;996;64637;;;;;;;
534;14/09/21;0;65633;0;996;64637;;;;;;;
535;15/09/21;25;65962;271;750;65212;;;;;;;
536;16/09/21;28;66012;188;591;65421;;;;;;;
537;17/09/21;3;66052;188;406;65646;;;;;;;
538;18/09/21;23;66108;55;374;65734;;;;;;;
539;19/09/21;9;66112;25;358;65754;;;;;;;
540;20/09/21;24;66137;101;281;65856;;;;;;;
541;21/09/21;16;66177;107;190;65987;;;;;;;
542;22/09/21;19;66206;115;94;66112;;;;;;;
543;23/09/21;12;66217;42;64;66153;;;;;;;
544;24/09/21;0;66217;0;64;66153;;;;;;;
545;25/09/21;43;66256;22;85;66171;;;;;;;
546;26/09/21;0;66256;0;85;66171;;;;;;;
547;27/09/21;42;66311;3;124;66187;;;;;;;
548;28/09/21;57;66396;44;137;66259;;;;;;;
549;29/09/21;77;66501;43;171;66330;;;;;;;
550;30/09/21;78;66627;4;252;66375;;;;;;;
551;01/10/21;46;66668;31;267;66401;;;;;;;
552;02/10/21;0;66668;0;267;66401;;;;;;;
553;03/10/21;37;66755;38;266;66489;;;;;;;
554;04/10/21;56;66802;65;272;66530;;;;;;;
555;05/10/21;50;66852;34;288;66564;;;;;;;
556;06/10/21;100;66956;29;359;66597;;;;;;;
557;07/10/21;264;67303;51;572;66731;;;;;;;
558;08/10/21;0;67303;0;572;66731;;;;;;;
559;09/10/21;156;67515;252;476;67039;;;;;;;
560;10/10/21;28;67556;116;388;67168;;;;;;;
561;11/10/21;135;67691;22;501;67190;;;;;;;
562;12/10/21;0;67691;0;501;67190;;;;;;;
563;13/10/21;175;68047;295;381;67666;;;;;;;
564;14/10/21;0;68047;0;381;67666;;;;;;;
565;15/10/21;52;68450;216;217;68233;;;;;;;
566;16/10/21;24;68486;17;224;68262;;;;;;;
567;17/10/21;31;68517;38;217;68300;;;;;;;
568;18/10/21;21;68718;65;173;68545;;;;;;;
569;19/10/21;0;68772;40;133;68639;;;;;;;
570;20/10/21;0;68772;0;133;68639;;;;;;;
571;21/10/21;10;68811;8;135;68676;;;;;;;
572;22/10/21;0;68811;0;135;68676;;;;;;;
573;23/10/21;13;68863;60;88;68775;;;;;;;
574;24/10/21;0;68863;0;88;68775;;;;;;;
575;25/10/21;0;68863;0;88;68775;;;;;;;
576;26/10/21;23;68924;17;94;68830;;;;;;;
577;27/10/21;0;68924;0;94;68830;;;;;;;
578;28/10/21;0;68924;0;94;68830;;;;;;;
579;29/10/21;90;69040;64;120;68920;;;;;;;
580;30/10/21;0;69040;0;120;68920;;;;;;;
581;31/10/21;0;69040;0;120;68920;;;;;;;
582;01/11/21;0;69040;0;120;68920;;;;;;;
583;02/11/21;103;69223;52;171;69052;;;;;;;
584;03/11/21;0;69223;0;171;69052;;;;;;;
585;04/11/21;4;69224;75;100;69124;;;;;;;
586;05/11/21;2;69224;37;65;69159;;;;;;;
587;06/11/21;0;69224;0;65;69159;;;;;;;
588;07/11/21;0;69223;28;37;69186;;;;;;;
589;08/11/21;0;69223;0;37;69186;;;;;;;
590;09/11/21;0;69222;1;36;69186;;;;;;;
591;10/11/21;0;69222;0;36;69186;;;;;;;
592;11/11/21;3;69247;19;20;69227;;;;;;;
593;12/11/21;0;69247;0;20;69227;;;;;;;
594;13/11/21;41;69343;14;47;69296;;;;;;;
595;14/11/21;0;69343;0;47;69296;;;;;;;
596;15/11/21;0;69343;0;47;69296;;;;;;;
597;16/11/21;102;69476;5;107;69369;;;;;;;
598;17/11/21;0;69476;0;107;69369;;;;;;;
599;18/11/21;61;69571;90;78;69493;;;;;;;
600;19/11/21;16;69581;45;49;69532;;;;;;;
601;20/11/21;4;69581;16;37;69544;;;;;;;
602;21/11/21;19;69600;0;56;69544;;;;;;;
603;22/11/21;0;69600;0;56;69544;;;;;;;
604;23/11/21;2;69635;16;42;69593;;;;;;;
605;24/11/21;0;69628;3;39;69589;;;;;;;
606;25/11/21;67;69691;0;106;69585;;;;;;;
607;26/11/21;21;69712;63;64;69648;;;;;;;
608;27/11/21;29;69741;18;75;69666;;;;;;;
609;28/11/21;0;69741;0;75;69666;;;;;;;
610;29/11/21;0;69741;0;75;69666;;;;;;;
611;30/11/21;97;69834;49;123;69711;;;;;;;
612;01/12/21;0;69833;96;27;69806;;;;;;;
613;02/12/21;1;69827;7;21;69806;;;;;;;
614;03/12/21;0;69850;0;21;69829;;;;;;;
615;04/12/21;0;69850;0;21;69829;;;;;;;
616;05/12/21;0;69850;0;21;69829;;;;;;;
617;06/12/21;0;69850;0;21;69829;;;;;;;
618;07/12/21;44;69884;9;50;69834;;;;;;;
619;08/12/21;60;69948;20;80;69868;;;;;;;
620;09/12/21;0;69947;59;21;69926;;;;;;;
621;10/12/21;34;69980;3;52;69928;;;;;;;
622;11/12/21;0;69954;26;26;69928;;;;;;;
623;12/12/21;33;69988;0;59;69929;;;;;;;
624;13/12/21;0;69989;0;59;69930;;;;;;;
625;14/12/21;86;70213;35;110;70103;;;;;;;
626;15/12/21;45;70250;86;69;70181;;;;;;;
627;16/12/21;22;70297;11;80;70217;;;;;;;
628;17/12/21;9;70332;21;68;70264;;;;;;;
629;18/12/21;0;70331;9;59;70272;;;;;;;
630;19/12/21;0;70331;0;59;70272;;;;;;;
631;20/12/21;0;70331;0;59;70272;;;;;;;
632;21/12/21;51;70388;9;101;70287;;;;;;;
633;22/12/21;28;70419;21;108;70311;;;;;;;
634;23/12/21;42;70500;28;122;70378;;;;;;;
635;24/12/21;0;70517;38;84;70433;;;;;;;
636;25/12/21;0;70517;0;84;70433;;;;;;;
637;26/12/21;0;70516;0;84;70432;;;;;;;
638;27/12/21;0;70516;0;84;70432;;;;;;;
639;28/12/21;0;70540;0;84;70456;;;;;;;
640;29/12/21;0;70541;0;84;70457;;;;;;;
641;30/12/21;6;70544;36;54;70490;;;;;;;
642;31/12/21;6;70561;0;60;70501;;;;;;;
643;01/01/22;0;70519;6;54;70465;;;;;;;
644;02/01/22;0;70519;0;54;70465;;;;;;;
645;03/01/22;0;70519;0;54;70465;;;;;;;
646;04/01/22;0;70518;34;20;70498;;;;;;;
647;05/01/22;0;70518;0;20;70498;;;;;;;
648;06/01/22;0;70512;14;6;70506;;;;;;;
649;07/01/22;0;70509;0;6;70503;;;;;;;
650;08/01/22;0;70506;0;6;70500;;;;;;;
651;09/01/22;0;70506;0;6;70500;;;;;;;
652;10/01/22;0;70506;0;6;70500;;;;;;;
653;11/01/22;7;70509;0;13;70496;;;;;;;
654;12/01/22;5;70515;0;18;70497;;;;;;;
655;13/01/22;5;70517;6;17;70500;;;;;;;
656;14/01/22;6;70520;0;23;70497;;;;;;;
657;15/01/22;0;70519;1;22;70497;;;;;;;
658;16/01/22;0;70519;0;22;70497;;;;;;;
659;17/01/22;0;70519;0;22;70497;;;;;;;
660;18/01/22;16;70531;0;38;70493;;;;;;;
661;19/01/22;0;70532;0;38;70494;;;;;;;
662;20/01/22;14;70547;0;52;70495;;;;;;;
663;21/01/22;0;70545;0;52;70493;;;;;;;
664;22/01/22;0;70545;26;26;70519;;;;;;;
665;23/01/22;0;70545;0;26;70519;;;;;;;
666;24/01/22;0;70545;0;26;70519;;;;;;;
667;25/01/22;11;70555;2;35;70520;;;;;;;
668;26/01/22;2;70552;5;32;70520;;;;;;;
669;27/01/22;4;70555;5;31;70524;;;;;;;
670;28/01/22;0;70555;0;31;70524;;;;;;;
671;29/01/22;3;70555;0;34;70521;;;;;;;
672;30/01/22;0;70556;0;34;70522;;;;;;;
673;31/01/22;0;70557;0;34;70523;;;;;;;
674;01/02/22;26;70578;0;60;70518;;;;;;;
675;02/02/22;0;70578;0;60;70518;;;;;;;
676;03/02/22;2;70579;19;43;70536;;;;;;;
677;04/02/22;13;70590;0;56;70534;;;;;;;
678;05/02/22;63;70652;2;117;70535;;;;;;;
679;06/02/22;71;70717;1;187;70530;;;;;;;
680;07/02/22;0;70717;0;187;70530;;;;;;;
681;08/02/22;114;70818;10;291;70527;;;;;;;
682;09/02/22;80;71256;5;366;70890;;;;;;;
683;10/02/22;94;71438;4;456;70982;;;;;;;
684;11/02/22;90;71596;9;537;71059;;;;;;;
685;12/02/22;571;71167;463;645;70522;;;;;;;
686;13/02/22;568;71264;460;753;70511;;;;;;;
687;14/02/22;0;71264;0;753;70511;;;;;;;
688;15/02/22;235;71460;54;934;70526;;;;;;;
689;16/02/22;178;71634;1;1111;70523;;;;;;;
690;17/02/22;138;71757;16;1233;70524;;;;;;;
691;18/02/22;304;72026;74;1463;70563;;;;;;;
692;19/02/22;194;72215;86;1571;70644;;;;;;;
693;20/02/22;77;72281;91;1557;70724;;;;;;;
694;21/02/22;0;72281;0;1557;70724;;;;;;;
695;22/02/22;186;72400;92;1651;70749;;;;;;;
696;23/02/22;439;72644;262;1828;70816;;;;;;;
697;24/02/22;242;72867;96;1974;70893;;;;;;;
698;25/02/22;160;73015;149;1985;71030;;;;;;;
699;26/02/22;139;73117;166;1958;71159;;;;;;;
700;27/02/22;164;73279;227;1895;71384;;;;;;;
701;28/02/22;0;73280;0;1895;71385;;;;;;;
702;01/03/22;39;73349;189;1745;71604;;;;;;;
703;02/03/22;110;73468;135;1720;71748;;;;;;;
704;03/03/22;196;73661;268;1648;72013;;;;;;;
705;04/03/22;1;73670;229;1420;72250;;;;;;;
706;05/03/22;0;73671;0;1420;72251;;;;;;;
707;06/03/22;0;73672;0;1420;72252;;;;;;;
708;07/03/22;0;73673;0;1420;72253;;;;;;;
709;08/03/22;143;73784;623;940;72844;;;;;;;
710;09/03/22;150;73942;154;936;73006;;;;;;;
711;10/03/22;138;74087;256;818;73269;;;;;;;
712;11/03/22;117;74217;92;843;73374;;;;;;;
713;12/03/22;41;74268;119;765;73503;;;;;;;
714;13/03/22;49;74325;100;714;73611;;;;;;;
715;14/03/22;0;74326;0;714;73612;;;;;;;
716;15/03/22;84;74410;29;769;73641;;;;;;;
717;16/03/22;100;74502;136;733;73769;;;;;;;
718;17/03/22;50;74542;142;641;73901;;;;;;;
719;18/03/22;11;74548;42;610;73938;;;;;;;
720;19/03/22;0;74541;25;585;73956;;;;;;;
721;20/03/22;28;74557;13;600;73957;;;;;;;
722;21/03/22;0;74558;0;600;73958;;;;;;;
723;22/03/22;31;74577;41;590;73987;;;;;;;
724;23/03/22;5;74575;87;508;74067;;;;;;;
725;24/03/22;34;74603;104;438;74165;;;;;;;
726;25/03/22;54;74648;119;373;74275;;;;;;;
727;26/03/22;4;74651;61;316;74335;;;;;;;
728;27/03/22;33;74677;66;283;74394;;;;;;;
729;28/03/22;0;74678;0;283;74395;;;;;;;
730;29/03/22;165;74837;76;372;74465;;;;;;;
731;30/03/22;81;74917;75;378;74539;;;;;;;
732;31/03/22;53;74966;44;387;74579;;;;;;;
733;01/04/22;0;74965;20;367;74598;;;;;;;
734;02/04/22;9;74974;0;376;74598;;;;;;;
735;03/04/22;22;74994;1;397;74597;;;;;;;
736;04/04/22;0;74995;0;397;74598;;;;;;;
737;05/04/22;45;75039;15;427;74612;;;;;;;
738;06/04/22;0;75037;0;427;74610;;;;;;;
739;07/04/22;54;75089;81;400;74689;;;;;;;
740;08/04/22;82;75176;104;378;74798;;;;;;;
741;09/04/22;55;75230;82;351;74879;;;;;;;
742;10/04/22;54;75282;59;346;74936;;;;;;;
743;11/04/22;0;75283;0;346;74937;;;;;;;
744;12/04/22;99;75393;221;224;75169;;;;;;;
745;13/04/22;61;75454;101;184;75270;;;;;;;
746;14/04/22;34;75486;20;198;75288;;;;;;;
747;15/04/22;23;75508;7;214;75294;;;;;;;
748;16/04/22;44;75552;4;254;75298;;;;;;;
749;17/04/22;60;75611;25;289;75322;;;;;;;
750;18/04/22;0;75612;0;289;75323;;;;;;;
751;19/04/22;21;75631;198;112;75519;;;;;;;
752;20/04/22;11;75642;21;102;75540;;;;;;;
753;21/04/22;0;75642;1;101;75541;;;;;;;
754;22/04/22;39;75680;0;140;75540;;;;;;;
755;23/04/22;11;75691;49;102;75589;;;;;;;
756;24/04/22;0;75651;41;61;75590;;;;;;;
757;25/04/22;24;75747;0;85;75662;;;;;;;
758;26/04/22;48;75818;25;108;75710;;;;;;;
759;27/04/22;12;75848;75;45;75803;;;;;;;
760;28/04/22;57;75903;33;69;75834;;;;;;;
761;29/04/22;19;75921;56;32;75889;;;;;;;
762;30/04/22;0;75920;19;13;75907;;;;;;;
763;01/05/22;0;75917;0;13;75904;;;;;;;
;02/05/22;0;75917;0;13;75904;;;;;;;
;03/05/22;0;75932;10;3;75929;;;;;;;
;04/05/22;0;75931;0;3;75928;;;;;;;
;05/05/22;0;75931;0;3;75928;;;;;;;
;06/05/22;0;75932;0;3;75929;;;;;;;
;07/05/22;13;75943;0;16;75927;;;;;;;
;08/05/22;0;75943;0;16;75927;;;;;;;
;09/05/22;0;75943;13;3;75940;;;;;;;
;10/05/22;0;75943;2;1;75942;;;;;;;
;11/05/22;0;75941;1;0;75941;;;;;;;
;12/05/22;0;75940;0;0;75940;;;;;;;
;13/05/22;0;75942;0;0;75942;;;;;;;
;14/05/22;0;75943;0;0;75943;;;;;;;
;15/05/22;0;75939;0;0;75939;;;;;;;
;16/05/22;0;75939;0;0;75939;;;;;;;
;17/05/22;0;75938;0;0;75938;;;;;;;
;18/05/22;0;75937;0;0;75937;;;;;;;
;19/05/22;0;75937;0;0;75937;;;;;;;
;20/05/22;0;75936;0;0;75936;;;;;;;
;21/05/22;0;75935;0;0;75935;;;;;;;
;22/05/22;0;75935;0;0;75935;;;;;;;
;23/05/22;1;75934;0;1;75933;;;;;;;
;24/05/22;0;75934;0;1;75933;;;;;;;